,版名,分類,作者,標題,日期,url,內容,留言,date
0,Stock,新聞,cosmite (Z),[新聞] 歐盟高官簽了 英國脫歐協議將送歐洲議會,2020-01-24 22:10:25,https://www.ptt.cc/bbs/Stock/M.1579875027.A.599.html,"<a href=""https://www.cna.com.tw/news/firstnews/202001240153.aspx"" rel=""noreferrer noopener nofollow"" target=""_blank"">https://www.cna.com.tw/news/firstnews/202001240153.aspx</a>


歐盟高官簽了 英國脫歐協議將送歐洲議會批准

（中央社布魯塞爾24日綜合外電報導）歐洲聯盟執行委員會主席范德賴恩與歐洲理事會主席
米歇爾這兩位歐盟高層官員，今天共同簽署英國與歐盟的分手協議，準備結束雙方近半世紀
的關係。

在范德賴恩（Ursula von der Leyen）與米歇爾（Charles Michel）正式簽署後，協議現將
於29日送往歐洲議會（European Parliament）批准。

歐盟成員國的外交官接著將在30日以書面方式批准協議，確保英國在31日午夜有序脫歐。

歐盟執行委員會（European Commission）主席范德賴恩推文說：「我跟米歇爾剛剛簽署英
國退出歐盟協議，為歐洲議會批准協議敞開大門。」

歐洲理事會（European Council）主席米歇爾在另一則推文中說，情況「將不可避免地改變
」，但雙方將維持友誼，並展開作為夥伴跟盟友的「新章節」。

他還用法文表示：「我很渴望一起撰寫這個新篇章。」（譯者：侯文婷/核稿：楊昭彥）


心得評論：
英國脫歐之後 對於台股會有什麼影響嗎
會不只關係到貨幣市場？

在這塊實在不了解 大家有什麼看法呢

--
<span class=""f2"">",[],1000
1,Stock,其他,ProTrader (沒有暱稱),Re: [其他] 30年投資老手真心話：只有三種人能在,2020-01-24 22:27:58,https://www.ptt.cc/bbs/Stock/M.1579876080.A.10F.html,"我覺得就算是第3種人也要有一定的知識與勇氣才敢下單常抱賺錢


我最早知道股票的事情是在我很小很小的時候  因為親戚很熱衷
細節都已經模糊了  我只記得小猶太姊姊很正我超喜歡小猶太姊姊
我長大以後取的老婆要長的像小猶太姊姊    當時對股票完全無感
如果不知道小猶太姊姊是誰  其實也不重要  這跟股票沒啥關係


多年以後我親戚大量買進當時不到20元(親戚說18以下)的玉晶光
那時候我只知道買對股票可以發大財  對於買錯股票還是沒感覺
這時期親戚大力勸說我老爸(散戶代表)跟進
我老爸買了幾張出在不到60  其他親戚也出在不到80
那一波只有那個親戚自己抱到300以上  確定不到400
親戚後來跟我說那時候他已經說到只差沒有跪下求我爸繼續買


又過了好幾年我也進入股市(技術分析)
那時候有個零沒那麼多的男人喊買AMD  這段歷史大家都清楚我就不細說了
後來AMD先漲一波到15盤整還有回跌破10

最初看到辣個男人喊AMD的時候  我也沒放在心上
那個時候產業研究對我來說是旁門左道
後來AMD漲破10元之後我被嚇到深切反省  並想起自己也是電資背景
然後好好的了解半導體產業與半導體相關個股之間的關聯性
終於我了解了甚麼是產業研究

然後我跟我親戚(這時期零也是很多)說AMD的時候  我親戚完全不放在心上
後來我繼續勸說台積電很好應該買進  我親戚還是覺得代工沒有前途
2019年初我跟我親戚聯發科可以買    我親戚依然覺得IC設計不行

2020年我親戚跟我說  台積電不行  政治風險很高
因為不去美國設廠美國價值不夠  所以美國會扶植英特爾  台積電GG


結論:1.交易股票是自己的事情  真的要自己做功課認真學習才能真正了解市場
     2.就算聽到高手說的話    如果自己不瞭解股市大多是聽不下去
     3.就算自己是高手        如果不跟隨時代進步也很難持續發大財
<span class=""f2"">※ 引述《golover ()》之銘言：
</span><span class=""f6"">: 30年投資老手真心話：只有三種人 能在股市賺到錢
</span><span class=""f6"">: 2020-01-08 07:00
</span><span class=""f6"">: 金尉出版社 郭泰
</span><span class=""f6"">: 多年來，股市裡流傳著一句話：股市只有3種人賺得到錢，第1種人是從事內線交易的人，
</span><span class=""f6"">: 第2種人是真正的股市高手，第3種人則是跟隨高手操作的人。
</span><span class=""f6"">: 先說內線交易。上市公司若須處理土地或資產、增減資本、配發股息或股票等，將影響股
</span><span class=""f6"">: 價漲跌至鉅。上述的種種行為均須召開股東大會，並經董事會依法定程序同意，再經會計
</span><span class=""f6"">: 師查核簽證後，才能公開。
</span><span class=""f6"">: 在消息未公開之前，事先獲悉內線消息的董監事、大股東與主辦人員，先行買進或放空，
</span><span class=""f6"">: 再利用投資大眾普遍熱中追逐短線價差的心理，在市場資訊不足的情況下，故意發布利多
</span><span class=""f6"">: 或利空消息，引誘投資大眾上鉤，並從中謀取不當利益，此一舉動即稱之為「內線交易」
</span><span class=""f6"">: 。
</span><span class=""f6"">: 另外，公司接獲或流失大訂單、新產品開發成功或失敗、營運出現重大轉機或虧損等，也
</span><span class=""f6"">: 都是董監事、大股東以及經理人等最先知道，所以常聽到有人嘲諷說：「千線萬線（指技
</span><span class=""f6"">: 術分析常用的移動平均線與趨勢線等）不如一條內線。」
</span><span class=""f6"">: 內線消息當然管用，內線交易必然會賺錢，但一般投資人根本無處獲知內線消息，而且從
</span><span class=""f6"">: 事內線交易乃違法行為，遭逮獲者依法除必須歸還價差利益之外，還會被課以刑責，最高
</span><span class=""f6"">: 可處2年以下有期徒刑。
</span><span class=""f6"">: 再來談談股市高手。我把股市裡面真正的高手區分為下列3個等級：
</span><span class=""f6"">: 一、初段高手
</span><span class=""f6"">: 此一等級的高手深諳道氏股價理論與艾略特波浪理論，熟知班傑明．葛拉漢（Benjamin G
</span><span class=""f6"">: raham）的價值理論，精通羅伯．愛德華（Robert D. Edwards）與約翰．麥基（JohnMage
</span><span class=""f6"">: e）的種種技術分析，熟讀過《股票作手回憶錄》（Reminiscences of a Stock Operator
</span><span class=""f6"">: ）與《傑西．李佛摩股市操盤術》（How to Trade in Stocks），他們有能力在每次的股
</span><span class=""f6"">: 價循環中逮到底部，大膽買進，而且抱牢持股賣在頭部。
</span><span class=""f6"">: 二、中段高手
</span><span class=""f6"">: 此等級的高手比初段高手還要高一級，他們非但能逮到底部大膽買進，抱牢持股賣在頭部
</span><span class=""f6"">: ，而且有能力在空頭行情中抓到B波的高點狠狠放空，多空兩頭都賺。
</span><span class=""f6"">: 三、高段高手
</span><span class=""f6"">: 此等級的高手比中段高手更高一級，乃是高手中的高手，他們有能力研判出每一個波段（
</span><span class=""f6"">: 指波浪理論8個波段的每一個波段而言）的高低點，第1波做多，第2波放空，第3波做多，
</span><span class=""f6"">: 第4波放空，第5波做多，第6波放空，第7波做多，第8波放空，聽起來像是神仙在操作。
</span><span class=""f6"">: 我沒有見過高段高手，不過據說日本江戶時代的本間宗久即屬此號人物，他乃是K線分析
</span><span class=""f6"">: 鼻祖。
</span><span class=""f6"">: 我建議投資人不用太心急，應以10年磨成好劍的毅力，立志10年之內把自己鍛鍊成初段高
</span><span class=""f6"">: 手，這就很了不起了。說來慚愧，我在台股跌跌撞撞18年之後，才勉強忝列初段高手。
</span><span class=""f6"">: 最後來談一談跟隨高手操作。對股票一知半解又想從股市賺到錢的人，這是最便捷的方法
</span><span class=""f6"">: ，但是也有下列3個問題：
</span><span class=""f6"">: 1.電視與網路自稱專家與高手的人一大堆，你很難判斷誰是真正高手，誰又是騙子。
</span><span class=""f6"">: 2.真正的高手大都不願拋頭露面，也鮮少在電視上公開解盤，他們深知招搖容易惹禍上身
</span><span class=""f6"">: ，因此投資人幾乎沒有機會接觸到這些人。
</span><span class=""f6"">: 3.就算投資人很幸運地碰到了一位股市高手，當他告訴你底部區已經來到，可以大膽分批
</span><span class=""f6"">: 買進時，由於你自己不懂，結果還是不敢依據股市高手的指示下場大筆買進。即使敢進場
</span><span class=""f6"">: 小買，也賺不到大錢。
</span><span class=""f6"">: 所以綜合以上3點，我認為最好的方法就是：苦心鑽研，把自己訓練成真正的股市高手。
</span><span class=""f6"">: <a href=""https://money.udn.com/money/story/12040/4232738"" rel=""noreferrer noopener nofollow"" target=""_blank"">https://money.udn.com/money/story/12040/4232738</a>
</span><span class=""f6"">: ……
</span><span class=""f6"">: 熟讀各種股票聖經，也只能算初段高手，股票版可以大賺的版友，一個是具有天生盤感
</span><span class=""f6"">: ，不然就是如文章所說，有真的下功夫努力的人。
</span>
--
<span class=""f2"">",[],1000
2,Stock,新聞,charles0939 (charles0939),[新聞] 地方隱匿疫情 CNN評論：習近平領導曝,2020-01-24 23:36:49,https://www.ptt.cc/bbs/Stock/M.1579880211.A.964.html,"地方隱匿疫情 CNN評論：習近平領導曝缺失
最後更新：2020/01/24 22:32

<span class=""f3 hl"">（中央社記者江今葉華盛頓24日專電）武漢肺炎爆發初期，疫情遭官方隱匿，直到近日才</span>
<span class=""f3 hl"">逐漸透明。CNN資深製作人葛瑞菲斯撰文指出，中國地方官員擔憂觸怒北京，暴露中國國</span>
<span class=""f3 hl"">家主席習近平高度集權領導的缺失。</span>

被稱為「武漢肺炎」的2019新型冠狀病毒（2019-nCoV）肺炎全球病例突破800例，造成至
少25人死亡。儘管病例去年12月已傳出，但直到習近平20日首度表態要求「全力以赴」，
堅決遏制病毒蔓延，全力救治病患後，細節才逐漸透明。

美國有線電視新聞網（CNN）資深製作人葛瑞菲斯（James Griffiths）撰文指出，習近平
於中共黨內獲得控制權後，武漢肺炎是他在美中貿易戰、香港持續反政府動盪及台灣總統
蔡英文連任後，面對最新的挑戰。儘管習擁有龐大控制權，但也意味每次危機都在考驗領
導才能。

習近平講話後，中國確實動了起來，衛生部門下達最高等級措施，宣布武漢封城。官方媒
體社論敦促提高透明度，稱讚中央及中國科學家與醫師快速反應，並對外發布病毒基因株
，提供全球研究人員研發疫苗。

儘管如此，文章指出，有關武漢肺炎最初爆發及可能持續隱匿的指控，外界依然沒有答案
。疫情原本可以是中國一勞永逸驅逐嚴重急性呼吸道症候群（SARS）幽靈的機會，但從發
展軌跡來看，中國應對這類危機的基本缺陷仍然存在，而未來可能還有更大威脅。

發生在2003年的SARS，初期疫情遭地方政府隱匿，直到軍醫蔣彥永揭露外界才得知，但已
經大規模蔓延，世界衛生組織（WHO）宣布SARS為國際公衛緊急事件，幾個月後政府對疫
情揭露延遲道歉，時任衛生部長與北京市長也被解職以示負責。

儘管在習近平領導下，中共權力掌握更甚以往，但合法性卻更脆弱。SARS醜聞及類似的處
理不當危機，都可能對其合法性帶來毀滅性影響。習近平的集體領導也意味著，像武漢肺
炎這樣的危機將考驗他對中共與國家的控制，也考驗高度集權體制。

文章分析，中國回應武漢肺炎比SARS好得多，但這種表面勝任的危機處理背後存在更深層
問題。中國有句諺語「山高皇帝遠」，省級部門總是陽奉陰違，許多跡象顯示武漢官員對
疫情毫無警覺，延誤防治。在農曆新年春運大遷徙之際，疫情隱匿會是大災難。

習近平介入後，中國媒體開始大規模深入報導，部分報導還指控當地官員疏失。有媒體指
出，「缺乏透明度、公共監督與真相已嚴重損及公共安全」。

葛瑞菲斯分析認為，記取SARS慘痛教訓，中國中央與科學家這回的處理值得讚許，但習近
平也改變SARS後期逐步的自由化與開放，再次將權力集中在黨內，同時監控網路、媒體，
鎮壓公民社會。儘管反腐清除不少貪官，但也可能使省級官員更擔心會否觸怒北京高層。
（編輯：廖漢原）1090124

<a href=""https://www.cna.com.tw/news/acn/202001240165.aspx"" rel=""noreferrer noopener nofollow"" target=""_blank"">https://www.cna.com.tw/news/acn/202001240165.aspx</a>
<span class=""f3 hl"">習近平統治下的中國真的變差了，胡溫時代，股市還能飆到六千多點，現在呢？連一半都</span>
<span class=""f3 hl"">不到，還想幹皇帝？無能！</span>

--
<span class=""f2"">",[],1000
3,Stock,閒聊,vendan5566 (阿文),[閒聊] 2020/01/25 盤後閒聊 大年初一,2020-01-25 00:00:01,https://www.ptt.cc/bbs/Stock/M.1579881603.A.037.html,"各位有搶頭香嗎？

小心不要撞倒香爐

各位新年快樂！

--
<span class=""f2"">",[],1000
4,Stock,新聞,nightwing (內觀自心),[新聞] 武漢肺炎蔓延 美國務院發勿前往最高旅遊,2020-01-25 05:54:28,https://www.ptt.cc/bbs/Stock/M.1579902871.A.267.html,"1.原文連結：
  <a href=""https://tinyurl.com/tamsjyy"" rel=""noreferrer noopener nofollow"" target=""_blank"">https://tinyurl.com/tamsjyy</a>

2.原文內容：
  <span class=""b1 hl"">武漢肺炎蔓延 美國務院發勿前往最高旅遊警示</span>

最新更新：2020/01/25 01:37

（中央社記者江今葉華盛頓24日專電）武漢肺炎疫情持續蔓延，
美國境內也出現第2例確診病例。美國國務院領事事務局今天將
前往中國的旅遊警示升至最高級，呼籲民眾勿前往中國湖北省。

<span class=""f3 hl"">美國國務院領事事務局今天更新前往中國的旅遊警示，一口氣從</span>
<span class=""f3 hl"">原先的第2級升高到最高的第4級。</span>

美國國務院將全球旅行安全分為4級，第一級是最安全的「行使
常規預防措施」，2級是「提高警覺」，3級則建議民眾「三思而
後行」，<span class=""f6 hl"">4級是最嚴重的「請勿前往」</span>。

領事局官網表示，中國武漢發現2019新型冠狀病毒（2019-nCoV
）肺炎，為遏制新型冠狀病毒，中國當局已經暫停武漢周邊地區
空中與鐵路交通。

<span class=""f2 hl"">美國國務院已要求所有非緊急情況的美國雇員及其家屬離開，也</span>
<span class=""f2 hl"">坦言美國政府向湖北省當地美國公民能提供的緊急服務能力有限</span>
。

領事局也表示，中國當局對武漢周遭地區實施嚴格旅遊限制，前
往旅行的民眾應注意可能會遭到中國政府阻止進入或離開湖北省
部分地區，<span class=""f6 hl"">旅客應做好在幾乎沒有提前通知的情況下實施旅遊管</span>
<span class=""f6 hl"">制</span>。

美國疾病管制暨預防中心（CDC）昨天將前往中國的旅遊警戒列
為第3級，呼籲旅客非必要應避免前往武漢。

<span class=""f3 hl"">美國今天也確診第2例2019新型冠狀病毒肺炎病例。</span>患者是一名
60多歲，居住在芝加哥的婦女，她於13日自武漢返回美國後，出
現病徵並前往醫院就診。她目前仍在醫院隔離治療中，情況穩定
。CDC目前也正在監測22個州的63人，其中11人監測結果是陰性
。（編輯：徐睿承）1090125



3.心得/評論：

  美國國務院已經對前往中國旅遊警示，一口氣升至最高級，
  在隨時可能封城的狀況下，進得了中國不見得能出得來…

  <span class=""hl"">尼泊爾已出現首位確診病例，法國也首度出現兩名確診病例</span>，
  中國的最後一塊淨土，青海和西藏是否還能繼續維持零感染？

  中國的觀光業者，中央政府會不會給予相關補助呢……
  農曆年節之後的觀光概念股，會不會綠光罩頂？

--
<span class=""f2"">",[],1000
5,Stock,新聞,charles0939 (charles0939),[新聞] 首名醫護！湖北醫師疑染武漢肺炎過世,2020-01-25 10:30:29,https://www.ptt.cc/bbs/Stock/M.1579919431.A.B97.html,"首名醫護！湖北醫師疑染武漢肺炎過世

大陸中心／綜合報導

中國大陸武漢肺炎疫情持續升溫，根據陸媒報導，有一名耳鼻喉科醫師疑似感染新型冠狀
病毒肺炎，在今（25）天早上7時許不幸去世，享年62歲。

根據《澎湃新聞》報導，湖北省中西醫結合醫院（新華醫院）耳鼻喉科門診一名工作人員
透露，2020年1月16日，該院耳鼻喉科醫生梁武東疑似感染新型冠狀病毒肺炎，18日，其
轉到金銀潭醫院就診，於1月25日早上7時許不幸去世，享年62歲。

我正在用MixerBox TV看「首名醫護！湖北醫師疑染武漢肺炎過世」，快來陪我一起看！

<a href=""https://www.setn.com/news.aspx?NewsID=678443"" rel=""noreferrer noopener nofollow"" target=""_blank"">https://www.setn.com/news.aspx?NewsID=678443</a>

好好的中國新年，竟然發生了這麼多疫情，第一線人員用生命防衛病毒，高官們還在看春
晚表演？！

--
<span class=""f2"">",[],1000
6,Stock,公告,noldorelf (屏東周渝民),[公告] Luwan romenticpoet SP500StrongB 水桶,2020-01-25 11:03:54,https://www.ptt.cc/bbs/Stock/M.1579921436.A.918.html,"主旨：Luwan 違反板規4-5-1，水桶一週。
      romenticpoet 違反板規4-6-1，水桶一週。
      SP500StrongB 違反板規4-6-2，水桶一週。

說明：經板友檢舉，Luwan 推文針對特定族群謾罵，違反板規4-5-1，水桶一週。
      romenticpoet SP500StrongB 推文明顯純政治意涵，股點過低
      違反板規4-6-1及4-6-2，水桶一週。

具體事證：

<a href=""/bbs/Stock/M.1578029584.A.363.html"" rel=""noreferrer noopener nofollow"" target=""_blank"">#1U3j8GDZ</a>

推 Luwan       : 在綠畜眼中現在是二十年來經濟最好的一年，沒人在意  01/03 13:45

<a href=""/bbs/Stock/M.1577426402.A.2BB.html"" rel=""noreferrer noopener nofollow"" target=""_blank"">#1U1PtYAx</a>
<div class=""push""><span class=""hl push-tag"">推 </span><span class=""f3 hl push-userid"">romenticpoet</span><span class=""f3 push-content"">: 鴿 不負責任預測明年2020大選 蔡會贏韓差不多160萬</span><span class=""push-ipdatetime"">12/29 18:57
</span></div><div class=""push""><span class=""f1 hl push-tag"">→ </span><span class=""f3 hl push-userid"">romenticpoet</span><span class=""f3 push-content"">: 票左右 @<a class=""__cf_email__"" data-cfemail=""45330527"" href=""/cdn-cgi/l/email-protection"">[email protected]</a></span><span class=""push-ipdatetime"">12/29 18:57
",[],1000
7,Stock,公告,noldorelf (屏東周渝民),[公告] jing0607 meltdown sodabing Jerome18,2020-01-25 11:17:23,https://www.ptt.cc/bbs/Stock/M.1579922245.A.CD8.html,"主旨：jing0607 meltdown 違反板規4-6-1，水桶一週。
      sodabing 違反板規4-6-2，累進罰則水桶十年。
      Jerome18 違反板規4-5-1，累進罰則水桶一個月。

說明：經板友檢舉，jing0607 meltdown sodabing 推文明顯純政治意涵，股點過低
      違反板規4-6-1及4-6-2，其中sodabing累進罰則水桶十年，
      jing0607 meltdown水桶一週。
      Jerome18 文章中｢東南亞人來台灣不是觀光，而是打黑工，賣淫
      補助東南亞人來台灣觀光，就像是補助乞丐來台灣觀光｣明顯歧視
      ，違反板規4-5-1，累進罰則水桶一個月。

1 !   2/07 eyespot      □ [公告] sodabing 違反板規1-2-8 警告一次
2 !   3/10 eyespot      □ [公告] YAYA6655 sodabing 水桶一週
3 !   5/13 eyespot      □ [公告] sodabing robin7795 sim2347 水桶一個月

1     6/16 noldorelf    □ [公告]Jerome18 iamten 警告一次
2 !  12/15 eyespot      □ [公告] kilayun Jerome18 水桶一週

具體事證：

<a href=""/bbs/Stock/M.1577426402.A.2BB.html"" rel=""noreferrer noopener nofollow"" target=""_blank"">#1U1PtYAx</a>
<div class=""push""><span class=""f1 hl push-tag"">噓 </span><span class=""f3 hl push-userid"">jing0607    </span><span class=""f3 push-content"">: 各位好鄉民妳們好，士別三日，如三秋也，明年讓我</span><span class=""push-ipdatetime"">12/29 19:22
</span></div><div class=""push""><span class=""f1 hl push-tag"">→ </span><span class=""f3 hl push-userid"">jing0607    </span><span class=""f3 push-content"">: 們的韓導知道高雄有溫暖也有無情，讓台灣知道有個</span><span class=""push-ipdatetime"">12/29 19:22
</span></div><div class=""push""><span class=""f1 hl push-tag"">→ </span><span class=""f3 hl push-userid"">jing0607    </span><span class=""f3 push-content"">: 高雄，總是走在前面，讓世界知道有個台灣，股市走</span><span class=""push-ipdatetime"">12/29 19:22
</span></div><div class=""push""><span class=""f1 hl push-tag"">→ </span><span class=""f3 hl push-userid"">jing0607    </span><span class=""f3 push-content"">: 在前面</span><span class=""push-ipdatetime"">12/29 19:22
",[],1000
8,Stock,鴻海投資案進度大落後威州狂砍45億補貼金,cosmite (Z),鴻海投資案進度大落後 威州狂砍45億補貼金,2020-01-25 12:43:02,https://www.ptt.cc/bbs/Stock/M.1579927384.A.424.html,"<a href=""https://bit.ly/2RrodB6"" rel=""noreferrer noopener nofollow"" target=""_blank"">http://bit.ly/2RrodB6</a>

鴻海投資案進度大落後 威州狂砍45億補貼金

威斯康辛州財政局（Wisconsin Legislative Fiscal Bureau）最新估計，由於鴻海集團的
富士康投資項目規模縮減，該州將大砍給富士康的1.5億美元(約45億元新台幣)補貼金。


《威斯康辛州公共電臺》以「富士康的進度拖延導致該州省下一部分收入盈餘」為題報導，
內容提到，威州於去年7月制定2019-21年度預算，包括要付給富士康2.12億美元(63.6億元
新台幣)補貼金，這包括該公司在2019年聘僱與資本支出所達到的目標，然而，跨黨派政府
機構威斯康辛財政局在最新的財政報告上，將<span class=""b1 hl"">補貼金額下修至5000萬至7500萬美元(15~22.5</span>
<span class=""b1 hl"">億元新台幣)，縮減程度達到6成之多</span>，顯見富士康在當地建設遠遠落後承諾目標。

2017年7月，鴻海集團創辦人郭台銘與當時由共和黨籍的威州州長華克（Scott Walker）簽
訂合作備忘錄，承諾將投資100億美元在當地蓋10.5代LCD面板廠，並創造1.3萬個就業機會
，而威州則提供30億美元的租稅優惠，之後再度加碼補貼至45億美元，創下美國對外企補貼
金額史上最高。

然而，<span class=""b1 hl"">富士康不斷修改在威州的投資計畫，從早期承諾的10.5代LCD廠變成規模較小的第6代</span>
<span class=""b1 hl"">LCD面板廠</span>，並在威州變天後，多次傳出鴻海威州投資案生變的消息，直至郭台銘親自赴美
處理，紛爭才暫時平息。

不過，2018年富士康報告為當地提供192個工作崗位，而威斯康辛州經濟發展公司（WEDC）
核實後卻只有113個有資格獲得當地政府補貼工作崗位，該年度應該達到的目標是260人，也
因此該公司未獲得稅收抵免。

至於2019年度，富士康必須提供至少520個工作崗位才能獲得稅收抵免，該公司必須在今年4
月1日之前報告其去年創造的工作數量。但若富士康又再度未能兌現承諾，只要WEDC確定富
士康在該州指定地區有重大投資，仍可獲得稅收抵免。

文章來源：Portion Of State Revenue Surplus Thanks To Foxconn Delays

心得評論：
美國威州廠補貼被砍
武漢肺炎是否會對中國廠區的經濟活動產生影響
股價值得關注

--
<span class=""f2"">",[],1000
9,Stock,標的,firetfd119 (gogogo),Re: [標的] 1201 味全 多,2020-01-25 12:48:32,https://www.ptt.cc/bbs/Stock/M.1579927714.A.480.html,"<a href=""https://i.imgur.com/ryi0gZU.png"" rel=""noreferrer noopener nofollow"" target=""_blank"">https://i.imgur.com/ryi0gZU.png</a>
<div class=""richcontent""><img alt="""" loading=""lazy"" src=""https://cache.ptt.cc/c/https/i.imgur.com/ryi0gZUl.png?e=1675421452&amp;s=IS4D6GXk5UWgQIjrtij4Sg""/></div>
108年年報還沒出來，先看107年年報

大陸人最愛味全了，大陸人吃味全是台灣人的3倍，且比去年還會吃。

反而台灣銷售是下降的

想問的是武漢肺炎後，味全在大陸還會有銷量跟營收嗎？

<span class=""f2"">※ 引述 《doggy1234567》 之銘言：</span>
<span class=""f6"">: 標題：[標的] 1201 味全 多</span>
<span class=""f6"">: 時間: Sun Dec  1 20:10:45 2019</span>
<span class=""f6"">: </span>
<span class=""f6"">: 1. 標的：味全 1201</span>
<span class=""f6"">: </span>
<span class=""f6"">: 2. 分類：多</span>
<span class=""f6"">: </span>
<span class=""f6"">: 3. 分析/正文：</span>
<span class=""f6"">: </span>
<span class=""f6"">: 技術面：目前個人分析支撐在24元以上，應該已經探底。</span>
<span class=""f6"">: </span>
<span class=""f6"">: 籌碼面：近期外資狂賣，價格持續下探，買盤都在本土券商，</span>
<span class=""f6"">: 預計外資出完之後應該會有下一波漲勢會出現。</span>
<span class=""f6"">: </span>
<span class=""f6"">: 基本面：第四季為食品傳統旺季，應會繳出不錯成績單。</span>
<span class=""f6"">: </span>
<span class=""f6"">: 4. 進退場機制：停利:30</span>
<span class=""f6"">: </span>
<span class=""f6"">:                停損:23</span>
<span class=""f6"">: </span>
<span class=""f6"">: --</span>
<span class=""f6"">: ",[],1000
10,Stock,其他,fantasy14 (我可以看見嗎),[其他] 鐘南山：已有幾種藥物準備用於臨床,2020-01-25 12:54:33,https://www.ptt.cc/bbs/Stock/M.1579928075.A.AC2.html,"<a href=""https://reurl.cc/al3lK7"" rel=""noreferrer noopener nofollow"" target=""_blank"">https://reurl.cc/al3lK7</a>

鐘南山院士：已有幾種藥物準備用於臨床治療 「目前，疫情在全國還不算爆發，但切不
可掉以輕心，最有效的防控手段就是早發現、早 隔離。儘可能減少傳播，傳播的病人越
少，出現「超級傳播者」的幾率就減少。」1月24 日是大年三十，但是，對於再次臨危受
命出任國家衛健委高級別專家組組長的鐘南山院士 而言，這只是連日來輾轉奔波中的又
一個忙碌工作日。當天上午，在廣州醫科大學附屬第 一醫院新住院大樓23樓負壓病房區
，廣州日報全媒體記者見到了一大早就來到醫院的鐘南 山。他戴著口罩，神情有些許疲
憊，白大褂裡邊穿的，恰好是他1月18日連夜奔赴武漢的 那套衣服。談及備受關注的武漢
新型冠狀病毒肺炎的治療，他說，目前，已有幾種已確認 安全性的藥物準備用於臨床治
療，但具體療效還需進一步觀察。他呼籲大家春節期間注意 防護，安全過年，「健康年
才是幸福年」。 一大早，鐘南山院士就來到位於廣醫一院的辦公室工作。通訊員蘇越明
攝 關於疫情：誰都不敢保證不會出來一個超級傳播者 截至1月24日12時，全國共確診新
型冠狀病毒肺炎876例，死亡26例。疫情是否會蔓延、病 例是否會繼續大規模增加，成為
公眾最為關心的問題。 「到目前為止，疫情在全國還不算暴發，沒有出現非常明顯的連
鎖反應，只要控制住這個 就好辦。」鐘南山說，武漢通報疫情後，廣州迅速啟動了防控
措施，衛生、交通、機場、 海關等部門加強了針對性健康監測，各客運站、地鐵站啟動
了體溫檢測，制定了公共交通 工具防控工作指引，並對來自湖北的反向人口流動進行了
排查。「廣州很多防控措施走在 了全國前面，這很好，但是，仍然不可掉以輕心，仍然
要非常小心，因為誰都不敢保證不 會出來一個超級傳播者。」 鐘南山強調，目前最有效
的防控手段就是早發現早隔離。「發現了，就隔離！

只要新型冠 狀病毒感染者及時被隔離，後期病人就會少很多。」他說，要儘可能減少傳
播，傳播的病 人越少，出現「超級傳播者」的幾率就減少。 關於治療：已有幾種藥物準
備用於臨床治療 鐘南山所在的廣州醫科大學附屬第一醫院是新型冠狀病毒肺炎治療的指
定醫院之一。1月 17日，該院就啟動了醫院收治與防控工作部署，成立醫院防控工作領導
小組，位於新住院 大樓23樓、用於收治新型冠狀病毒肺炎患者的負壓病房也在第一時間
準備就緒。 關於新型冠狀病毒肺炎的治療，鐘南山說，廣州各大醫院將實現血樣標本的
數據共享。「 對於患者血液裡病毒載量的發展規律、細胞因子等等，我們都需要有第一
手資料。」他說 ，「患者呼吸道里的病毒載量是多少，經過一段時間後會發生怎樣的變
化？其影像變化又 是怎樣的？把這些問題都弄明白了，很多東西就能夠搞清楚」。

鐘南山表示，目前，已有幾種藥物準備用於臨床治療，「已經確認是安全的，

但具體療效 還需進一步觀察」。

 安全過年：過個健康年，才是幸福年 鐘南山還提及一個從武漢到外地旅遊時發病的病例
，剛開始出現症狀時不願意去醫院就診 ，兩天後發燒嚴重了才去醫院就診。「本來一開
始體溫並不高，拖了兩天時間，病情就嚴 重了」。他呼籲從湖北到外地過年的人員，如
果出現症狀，及時到醫院就診，如果沒有症 狀，最好自我隔離14天。 「我們需要重視防
護，但也不必恐慌。」鐘南山也提醒大家，在春節期間只要注意防護， 就可「安全過年
」。「儘量減少走親訪友，儘量少去人員密集的場所，出門戴口罩，在室 內注意通風，
勤洗手，多運動，少熬夜。健康年才是幸福年。」 最後，他為廣州日報的讀者送上新年
祝福：「祝大家過個健康年，平安年！」

心得: 厲害了 我的國
這麼快就有藥物可以治療了？
也許只是減輕症狀而已
可以對症下藥根治病毒嗎
不過 已經開始臨床進行人體實驗了
不可質疑黨的力量


--
<span class=""f2"">",[],1000
11,Stock,新聞,organize222 (GOGO99),[新聞] 防群聚效應 北京故宮、上海迪士尼都關門,2020-01-25 14:22:28,https://www.ptt.cc/bbs/Stock/M.1579933351.A.16B.html,"
1.原文連結：
<a href=""https://udn.com/news/story/120936/4306065?from=udn-relatednews_ch2"" rel=""noreferrer noopener nofollow"" target=""_blank"">https://udn.com/news/story/120936/4306065?from=udn-relatednews_ch2</a>

2.原文內容：
為了減少人群聚集，上海迪士尼自今日起關閉。包含北京故宮、國家博物館、國家圖書館、地壇公園、龍潭公園、北京動物園、雍和宮春節期關閉。廈門鼓浪嶼，山西平遙古城、南京玄武湖、杭州西湖及廣東廣州塔等，自昨日起關閉。

肺炎的群聚性感染已出現。新發現的天津三例確診病人，同時在天津動車上工作。除湖北外，黑龍江和河北兩省均已出現死亡病例。

繼廣東省宣布啟動重大突發衛生事件1級響應後，湖北、湖南、安徽，上海、北京、重慶與天津等九省市，也因應當疫情形勢嚴峻，啟動重大突發衛生事件1級響應。

為了全力做好新型冠狀病毒感染的肺炎疫情防控工作，武漢將借鑒ＳＡＲＳ期間的北京「小湯山」模式，正在搶建一個新型冠狀病毒肺炎患者收治中心，預計六天內完工，將於二月三日前啟用。

據北京日報報導，該工程由中建三局承接，地點位於武漢蔡甸知音湖武漢職工療養院，預計六天時間完成。報導稱，在多方援助下，各種急缺物資已經備齊。

3.心得/評論：
由
北京市啟動重大突發公共衛生事件一級響應來推想
基本上北上廣已經淪陷
畢竟有5%以上的武漢人逃出武漢
甚至外溢到全世界，可見中國病情很糟
問題來了，去年中國GDP成長保6%
今年呢?
上半年來看，迪士尼關、國家博物館、國家圖書館、地壇公園、龍潭公園、北京動物園
廈門鼓浪嶼，山西平遙古城、南京玄武湖、杭州西湖及廣東廣州塔等，通通關閉
服務業、觀光業看來確定是趴在地上
基本上等於內需趴了

製造業更不用說，通路成本上升以外，也要面臨額外業內疾病造成的成本風險
人力因交通缺乏外，世界工廠之名的勞力更受到直接衝擊
外銷基本確定衰退

內需趴 + 外銷趴

<span class=""f3 hl"">可以確定今年中國一定衰退!!</span>

以上

--
<span class=""f2"">",[],1000
12,Stock,公告,noldorelf (屏東周渝民),[公告] 關於武漢肺炎新聞規範,2020-01-25 15:02:33,https://www.ptt.cc/bbs/Stock/M.1579935755.A.395.html,"各位親愛的板友大家新年快樂

由於武漢肺炎情勢轉變速度過快

使得板面武漢肺炎文章遽增

在此提醒各位

發表新聞還煩請和股票有關

至少文章內容要提及相關的產業或者公司

倘若是單純的疫情新聞

譬如說某某地鐵封閉了之類

則會依據板規4-2-5判定違規

由此篇公告開始後的文章執行判定

之前的一律不朔及既往

謝謝大家


--
<span class=""f2"">",[],1000
13,Stock,公告,noldorelf (屏東周渝民),[公告] Raisto qwxr beta0907 wallace75 水桶,2020-01-25 15:34:11,https://www.ptt.cc/bbs/Stock/M.1579937653.A.19C.html,"主旨：Raisto 違反板規4-2-2，砍文警告一次。
      qwxr 違反板規4-5-1，累進罰則水桶十年。
      beta0907 違反板規4-5-1，累進罰則水桶一個月。
      wallace75 違反板規4-8，水桶一週。

說明：經板友檢舉，Raisto 文章內容股點過低，違反板規4-2-2，水桶一週。
      qwxr 文章中按指原po""丟人現眼""，依據臺中地方法院 108 年易字第 2774 號
      刑事判決屬於公然汙辱言詞，違反板規4-5-1，累進罰則水桶十年。
      beta0907 在多篇閒聊文中推文有引戰嫌疑，尤其是針對空方有強烈言語諷刺，
      違反板規4-5-1，累進罰則水桶一個月。
      wallace75 在推文中指伊朗又被射了兩顆飛彈，與事實不符，有造謠情事，
      違反板規4-8，水桶一週。

1 !  10/05 eyespot      □ [公告] a000209898 Xooooooooooo qwxr 水桶一週
2 !   4/28 eyespot      □ [公告] qwxr hfish1126 水桶一個月

1 !   3/27 eyespot      □ [公告] beta0907 stev200406 水桶一週

具體事證：

<a href=""/bbs/Stock/M.1578988360.A.50D.html"" rel=""noreferrer noopener nofollow"" target=""_blank"">#1U7ND8KD</a>
<span class=""f4 b7""> 作者 </span><span class=""b4""> Raisto (劉大俠)                                           </span><span class=""f4 b7""> 看板 </span><span class=""b4""> Stock </span>
<span class=""f4 b7""> 標題 </span><span class=""b4""> Re: [心得] 慘賠六百萬，換一個價值投資APP的誕生                         </span>
<span class=""f4 b7""> 時間 </span><span class=""b4""> Tue Jan 14 15:52:38 2020                                               </span>
<span class=""f6"">───────────────────────────────────────</span>
<span class=""f2"">※ 引述《Raisto (劉大俠)》之銘言：</span>
<span class=""f6"">: 剛剛看到版友幫忙查詢兆豐金，其APP顯示：</span>
<span class=""f6"">: 『2886偏貴合理26元』</span>
<span class=""f6"">: 我直接開賭注一萬，如果明年（2020）除息前跌到 26，我直接贊助一萬給此APP開發者</span>
。
<span class=""f6"">: 依照我的判斷，接下來兆豐金會遇到不少賣壓，但是價格不容易跌到 28塊錢以下。再</span>
來
<span class=""f6"">: 按照今年的獲利來說，明年配發 1.7左右應該是可預期。</span>
<span class=""f6"">: 所以反推接下來的走勢，</span>
<span class=""f6"">: 1. 年底前，接近填息（31塊錢），會遇上賣壓。</span>
<span class=""f6"">: 2. 年初一月十號，金控 2019年獲利出爐，開始漲。</span>
<span class=""f6"">: 3. 董事會股利政策出爐，除權前過前高 32，此價格會遇上賣壓。</span>
<span class=""f6"">: 總之，26塊錢兆豐金？難歐。</span>

早就說一月十號後，開始漲。

樸實無華且枯燥啊......

<a href=""https://i.imgur.com/FDJq6bI.jpg"" rel=""noreferrer noopener nofollow"" target=""_blank"">https://i.imgur.com/FDJq6bI.jpg</a>
<div class=""richcontent""><img alt="""" loading=""lazy"" src=""https://cache.ptt.cc/c/https/i.imgur.com/FDJq6bIl.jpg?e=1675412714&amp;s=RMAw-1KK2mnyGpSDlCe8zw""/></div>

--
<span class=""f2"">",[],1000
14,Stock,標的,Baraclude (HH),[標的] 康聯 4144,2020-01-25 19:42:37,https://www.ptt.cc/bbs/Stock/M.1579952559.A.1F6.html,"-------------------------------------------------------------------------
1.發文前請先詳閱[標的]分類發文規範，未依規範發文將受處份。
2.發標的文未充實內文，多空理由不充實者，板規1-1-5或4-4處份
3.進退場機制若非長期投資，請輸入停損價，否則依板規1-1-6處份
4.若為長期投資，但無充份分析理由，將依板規1-1-5處份
4.請依格式輸入內容，未依格式者板規1-1-2砍文處份。
5.分類選填請益或心得者，進退場機制得刪去。
---------------------按ctrl+y可刪除以上內容。----------------------------

1. 標的：康聯 4144

2. 分類：多

3. 分析/正文：
康聯(4144)有投資一家上海仁度生物IVD檢驗試劑公司，持股比例8.33%，“2019-nCoV是
一种RNA病毒，仁度生物作为一家专门从事RNA诊断试剂研发和销售的公司，己成功研制出
新型冠状病毒(2019-nCoV)核酸检测试剂盒，能够快速准确的从呼吸道标本中检出病毒，
识别早期感染。”
連結：<a href=""http://www.rdbio.com/gongsidongtai/113.html"" rel=""noreferrer noopener nofollow"" target=""_blank"">http://www.rdbio.com/gongsidongtai/113.html</a>

4. 進退場機制：(非長期投資者，必須有停損機制)
武漢肺炎持續發燒，到達封城等級的肯定不是像官方1370例，需要大量的肺炎篩檢試劑。

--
<span class=""f2"">",[],1000
15,Stock,其他,KKlin813 (山下製酒),[其他] 閒聊防疫、保健食品概念股,2020-01-25 20:22:56,https://www.ptt.cc/bbs/Stock/M.1579954980.A.50C.html,"台股1/20(一)封關至今1/25(六)第5天
台灣1/21(二)宣布確診第一例
距離開盤1/30(四)還有5天
老實說擔心開市那天崩盤之餘
順便做一下防疫概念股的功課

根據目前親身購買物品的田野調查，
購物籃裡的商品有口罩、酒精擦、乾洗手、維他命C、漂白水。
此外，由於這幾天溫度偏高，不是疫情好發期，
但重點在於接下來的變天，
根據氣象報導農曆初四那天會降到10度C以下，
屆時才會是病毒成長劇烈時期，
這兩天去走春，還是一堆人不戴口罩，
還是一堆人刮刮樂拿著桌上未消毒的木棒，
外加大量的現金交易，是傳染的隱形途徑。
以此為點發散整理的相關概念股。

口罩概念股
康那香 (9919):不織布、濕紙巾。
恆大 (1325):不織布。
南六 (6504):PP不織布。
美德醫療-DR (9103):口罩生產。

消毒清潔概念股
毛寶 (1732):化工類 消毒家庭清潔。
花仙子 (1730):消毒清潔。

保健食品、藥品概念股
中化生 (1762):原料藥廠。
天良 (4127):保健食品，進口中藥、西藥。
神隆 (1789):原料藥廠。
泰博 (4736):醫療相關產品、快篩試紙。
晟德 (4123):一般用藥。
美吾華 (1731):保健食品。
葡萄王 (1707):保健食品。

疫苗概念股
國光 (4142):流感疫苗跟非流感疫苗。


武漢概念股-面板
友達 (2409)
群創 (3481)

宅在家，沒四千萬別出門概念股
鈊象 (3293):線上遊戲。
橘子 (6180):遊戲銷售。



以上是目前聯想到的相關個股。

--
<span class=""f2"">",[],1000
16,Stock,其他,z520314 (知足常樂 多貪則憂),Re: [其他] 閒聊防疫、保健食品概念股,2020-01-25 21:09:31,https://www.ptt.cc/bbs/Stock/M.1579957773.A.EA3.html,"這類股票其實要追高的建議三思

這類股票根本在玩鬼抓人，看誰是最後一隻老鼠

有興趣購買的建議去看看2003年左右的財報

當時SARS的確也漲不少，但就是消息面的上漲

基本面根本沒多賺多少，幾乎可以說是持平

如果在波段有賺到的恭喜

但也先思考一下，別當最後一隻老鼠

萬一當了最後一隻要套多久都不知道

--
<span class=""f2"">",[],1000
17,Stock,請益,su35l3ji3 (lazyday),[請益] 肺炎會不會影響到5G進展？,2020-01-25 22:25:55,https://www.ptt.cc/bbs/Stock/M.1579962357.A.D42.html,"2020不少人覺得是5G元年，其中更看好中國的5G建置

雖然5G建置成本高

但是中國官方會為了搶全球的5G領先地位，而不惜成本補貼

但是現在突然殺出個武漢肺炎，中國看起來國內已經雞飛狗跳的

中國政府還會有資源去發展5G嗎？

如果疫情搞到中國5G建設因此遞延，這對全球的科技產業會有多大影響？

--
<span class=""f2"">",[],1000
18,Stock,新聞,amego2017 (),[新聞] 華爾街日報：美將派包機赴武漢撤離公民和,2020-01-25 23:03:25,https://www.ptt.cc/bbs/Stock/M.1579964607.A.5FD.html,"
1.原文連結：

<a href=""https://www.cna.com.tw/news/acn/202001250156.aspx"" rel=""noreferrer noopener nofollow"" target=""_blank"">https://www.cna.com.tw/news/acn/202001250156.aspx</a>

2.原文內容：

華爾街日報：美將派包機赴武漢撤離公民和外交官

最新更新：2020/01/25 20:22

（中央社上海25日綜合外電報導）「華爾街日報」報導，了解內情的人士透露，美國政府
正在安排一架撤僑包機前往武漢，撤離當地的美國公民和外交官，送回美國。新型冠狀病
毒引發肺炎疫情，武漢情況最為嚴重。

2019新型冠狀病毒（2019-nCoV）肺炎於去年12月在湖北省首府武漢爆發，疫情逐漸蔓延
，武漢自昨天起封城，機場、火車站等離開當地的通道暫時關閉。

中國境內的武漢肺炎確診病例已上升到1356例，其中41例死亡。在各省區中，疫情起源地
的湖北省確診病例已增加到729例，其中39例死亡。

這位人士表示，目前據信有大約1000名美國公民在武漢，當地的美國總領事館正和他們聯
絡，安排他們的機位。

他又說，美國政府近日與中國外交部和其他政府機關協商後，獲同意採取這項行動，這架
包機可運送約230人，將包括美國外交人員以及美國公民和家屬。

他表示，機上將有美國醫療人員，以確保若有人感染新型冠狀病毒，將能獲得妥善照顧，
不會散播病毒。

這位人士也表示，美國計畫暫時關閉駐武漢總領事館。他又說，若是還有多的機位，也可
能提供非美國公民搭乘，包括其他國家的外交人員。

華爾街日報報導，其他國家的政府也在與中國當局協商，希望仿照美中同意的這項作法，
安排飛機接運僑民。

法國外交部稍早發布聲明表示，法國駐武漢總領事館已通知在武漢的法國人，在與當地官
方機關聯繫下，考慮提供巴士服務，讓想離開的法國人及配偶、子女離開武漢市。

（譯者：林治平）1090125

3.心得/評論：

完了，蒸的丸子

川普投顧前一秒稱讚，後一秒撤僑

滿手股票留過年的是不是要哇的一聲哭出來惹

--
<span class=""f2"">",[],1000
19,Stock,新聞,Su22 (裝配匠),[新聞] 專家：武漢肺炎對中國經濟衝擊甚於貿易戰,2020-01-25 23:20:37,https://www.ptt.cc/bbs/Stock/M.1579965639.A.9F8.html,"1.原文連結：
<span class=""f2"">※過長無法點擊者必須縮網址
</span><a href=""https://www.epochtimes.com/b5/20/1/25/n11819799.htm"" rel=""noreferrer noopener nofollow"" target=""_blank"">https://www.epochtimes.com/b5/20/1/25/n11819799.htm</a>

2.原文內容：
專家：武漢肺炎對中國經濟衝擊甚於貿易戰

武漢新型肺炎在大陸各地蔓延，有美國經濟學者表示，武漢肺炎對於中國是比美國加徵關
稅更嚴峻的挑戰。

截至25日10:30，中國確診1330例，死亡41例。疑似1965例。治愈38例。目前中國僅西藏
未傳疫情、湖北15市封城、多省市啟動公衛事件1級響應。武漢新型肺炎也向海外蔓延，
目前台灣、泰國、新加坡、越南、韓國、日本、美國、尼泊爾、法國都出現確診病例。英
國、意大利、芬蘭、菲律賓出現疑似病例。世界衛生組織（WHO）警告，引發疫情的新型
冠狀病毒可能「持續人傳人」。

據中央社報導，花旗（Citi）全球首席經濟學家曼恩（Catherine L. Mann）近日在美國
智庫外交關係協會（CFR）世界經濟情勢座談會上表示，中國是大型封閉經濟體，代表經
濟受國內政策影響遠大於外在因子；與政治與美國加徵關稅等外在因素相比，武漢肺炎可
能構成更大挑戰。

她說，<span class=""f1 hl"">中國面臨債務問題</span>，一年多前致力去槓桿，減少金融業弱點。<span class=""f3 hl"">美中貿易戰爆發後，
</span><span class=""f3 hl"">中國為穩住經濟大局，將減少金融業弱點變成次要目標</span>。如今，<span class=""f3 hl"">武漢肺炎成為擾亂金融市
</span><span class=""f3 hl"">場的「黑天鵝」</span>。

對於大陸疫情對經濟的潛在影響，國際投行野村證券也向市場發出了警告。

據香港東網消息，野村證券發表報告說，根據以往的經驗，於2002至2003年薩斯（SARS）
期間，<span class=""f1 hl"">大陸服務業受到的打擊最大</span>。隨著中國新年假期臨近，武漢肺炎的疫情可能在未來
幾個月內惡化，目前疫情的發展仍處於早期階段，死亡率可能被低估，因為現時尚無有效
的疫苗，提醒投資者要留意對經濟和金融市場的風險。

報告表示，當年的薩斯疫情是從2002年11月開始，在2003年3至5月之間急劇惡化，受到該
病毒的影響，中國的實質經濟增長（GDP）從2003年第一季的11.1%，下降至第二季的9.1%
，下降2個百分點。當中<span class=""f3 hl"">主要受到兩大產業的拖累，包括運輸、倉儲和郵政，以及酒店和
</span><span class=""f3 hl"">餐飲服務</span>。它們的增長率分別從2003年第一季的7.7和11%，下降至2003年第二季的2.3和
7.4%。

另外，國際評級夠標準普爾也認為<span class=""f1 hl"">疫情導致大陸家庭減少支出對經濟衝擊很大</span>。而且<span class=""f3 hl"">一旦
</span><span class=""f3 hl"">避險情緒升溫及金融狀況收緊都有機會加大對經濟的衝擊</span>，包括對投資的影響。

中共官方數據顯示，2019年大陸消費支出占經濟增長的貢獻率達58%，<span class=""f3 hl"">如果消費市場大幅
</span><span class=""f3 hl"">停頓，將嚴重影響經濟增長狀況</span>。

3.心得/評論：
<span class=""f2"">※必需填寫滿20字
</span>受益的防疫概念股很多人提了
受害最大的 服務業觀光業 運輸倉儲酒店餐飲
台股中在中國有投資相關產業的公司要注意風險

--

--
<span class=""f2"">",[],1000
